Headings,Descriptions,URLs
Internshala,"Internshala is India's no.1 internship jobs and training platform with 40000+ paid internships in Engineering, MBA, media, law, arts, and other streams.",
Internshala,We are a technology company on a mission to equip students with relevant skills & practical exposure through internships and online trainings. Imagine a world ...,https://www.google.com/search?q=Internshala#
Internshala Internships & Jobs - Apps on Google Play,Finding and applying for internships and fresher jobs that you want is now even easier with Internshala's free app for students and freshers.,https://www.google.com/search?q=Internshala#
Internshala (@internshala) • Instagram photos and videos,Low on experience? Say hello to fresher jobs. · How Interns Built A Multi Million Dollar Startup! Watch the full podcast video on YouTube · Kya itna buraaa hoon ...,https://support.google.com/websearch/answer/181196?hl=en-IN
52 Internshala jobs in India,"Today's top 52 Internshala jobs in India. Leverage your professional network, and get hired. New Internshala jobs added daily.",
Internshala,Popular Live Streams · Business Communication - Learn effective communication skills! | World Education Day Fair 2022 · Learn 3D Modelling with SOLIDWORKS! | ...,https://www.google.com/webhp?hl=en&sa=X&ved=0ahUKEwilg6aQ3PWCAxV5glYBHZCAC34QPAgJ
Internshala,"Internshala is an internship and online training platform, based in Gurgaon, India. Founded by Sarvesh Agrawal, an IIT Madras alumnus, in 2011, ...",https://www.google.com/search?q=Internshala#
"Latest News & Videos, Photos about internshala",Internshala announces free access to its online training programmes for children of healthcare workers ... The students can choose to learn a number of skills ...,https://www.google.co.in/intl/en/about/products?tab=wh
Internshala,Internshala ... Welcome to official YouTube channel of Internshala. internshala.comand 5 more links.,https://accounts.google.com/ServiceLogin?hl=en&passive=true&continue=https://www.google.com/search%3Fq%3DInternshala&ec=GAZAAQ
Internshala | Education | Gurugram,"Internshala, Gurugram. 455639 likes · 67 talking about this · 358 were here. We are a technology company on a mission to equip students with relevant...",https://www.google.com/search?q=Internshala&sca_esv=587655346&tbm=nws&source=lnms&sa=X&ved=2ahUKEwilg6aQ3PWCAxV5glYBHZCAC34Q_AUoAXoECAEQAw
How to Get Hired on Internshala | Easy Step by Step Guide,29 Internshala jobs available on Indeed.com.,https://www.google.com/search?q=Internshala&sca_esv=587655346&tbm=vid&source=lnms&sa=X&ved=2ahUKEwilg6aQ3PWCAxV5glYBHZCAC34Q_AUoAnoECAEQBA
29 Internshala Jobs and Vacancies - 4 December 2023,"25 Nov 2023 — Overall, 66% of employees would recommend working at Internshala to a friend. This is based on 228 anonymously submitted reviews on Glassdoor.",https://www.google.com/search?q=Internshala&sca_esv=587655346&tbm=shop&source=lnms&sa=X&ved=2ahUKEwilg6aQ3PWCAxV5glYBHZCAC34Q_AUoA3oECAEQBQ
Working at Internshala - Glassdoor,We are a technology company on a mission to equip students with relevant skills & practical exposure through internships and online trainings.,https://www.google.com/search?q=Internshala&sca_esv=587655346&tbm=isch&source=lnms&sa=X&ved=2ahUKEwilg6aQ3PWCAxV5glYBHZCAC34Q_AUoBHoECAEQBg
Internshala,Internshala Online Courses & · Showing 61 results. vendor · Digital Marketing Training · Learn Programming with Python · Core Java Certification. 71 reviews.,https://maps.google.com/maps?q=Internshala&um=1&ie=UTF-8&sa=X&ved=2ahUKEwilg6aQ3PWCAxV5glYBHZCAC34Q_AUoAHoECAEQCg
61 Internshala Training & Courses Online 2023,"7 Mar 2016 — INTERNSHALA is a reputed Indian company. So if you do any training or internship from the internship, the chances of getting a job increase ...",https://www.google.com/search?q=Internshala&sca_esv=587655346&tbm=bks&source=lnms&sa=X&ved=2ahUKEwilg6aQ3PWCAxV5glYBHZCAC34Q_AUoAXoECAEQCw
What is internshala?,"Find Internshala Latest News, Videos & Pictures on Internshala and see latest updates, news, information from NDTV.COM. Explore more on Internshala.",https://www.google.com/travel/flights?q=Internshala&sca_esv=587655346&tbm=flm&source=lnms&sa=X&ved=2ahUKEwilg6aQ3PWCAxV5glYBHZCAC34Q_AUoAnoECAEQDA
"Latest News, Photos, Videos on Internshala",Internshala is a web-based platform that provides internship resources and career services to students and employers.,https://www.google.com/finance?sa=X&ved=2ahUKEwilg6aQ3PWCAxV5glYBHZCAC34Q_AUoA3oECAEQDQ
Internshala - Crunchbase Company Profile & Funding,"It's an excellent place to start your career. You'll meet many talented folks who are always there to help. If you know your job, it would be easy for you ...",https://www.google.com/setprefs?sig=0_vPJpYal7xytt34nmiQ6kof9HiOM%3D&prev=https://www.google.com/search?q%3DInternshala&safeui=on
Working at Internshala: Employee Reviews,Download the APK of Internshala for Android for free. Find and apply for internships on your phone.,https://www.google.com/search?q=Internshala#
Internshala for Android - Download the APK from Uptodown,"Top posts. 12,600 posts · Students who want to enter the job industry, ideally, should get some hands- · . . . . . . . . . . · Follow @ ...",https://www.google.com/setprefs?sig=0_vPJpYal7xytt34nmiQ6kof9HiOM%3D&prev=https://www.google.com/search?q%3DInternshala&safeui=off
#internshala on Instagram | Hashtags,"12 Apr 2021 — About Internshala. Internshala was launched as a WordPress blog initially. The blog dealt with education, technology, and issues about gaps in ...",https://www.google.com/safesearch?hl=en-IN&prev=https://www.google.com/search?q%3DInternshala&sa=X&ved=2ahUKEwilg6aQ3PWCAxV5glYBHZCAC34Q3fwIegQIARAX
"Internshala: Look for Internship Anywhere, Anytime!","Internshala is rated 4.0 out of 5, based on 167 reviews by employees on AmbitionBox. Internshala is known for Work-Life balance which is rated at the top and ...",https://www.google.com/search?q=Internshala&sca_esv=587655346&source=lnt&tbs=qdr:h&sa=X&ved=2ahUKEwilg6aQ3PWCAxV5glYBHZCAC34QpwV6BAgBEB4
Internshala Reviews by 167 Employees,"What can Internshala improve as a platform: ... Do not expect to get hired after doing a course. If you get hired, I will be happy but if you really want to make ...",https://www.google.com/search?q=Internshala&sca_esv=587655346&source=lnt&tbs=qdr:d&sa=X&ved=2ahUKEwilg6aQ3PWCAxV5glYBHZCAC34QpwV6BAgBEB8
My Experience With Hiring Interns from InternShala,"11 Jul 2022 — In 2010, Internshala started as a blog. Today, it is one of India's leading internship portals, with services like skill training and a job ...",https://www.google.com/search?q=Internshala&sca_esv=587655346&source=lnt&tbs=qdr:w&sa=X&ved=2ahUKEwilg6aQ3PWCAxV5glYBHZCAC34QpwV6BAgBECA
Internshala's journey from a blog to a profitable internship ...,Internshala has been successful in spurring the growth of the internship market in India by providing a single platform for students and companies to interact ...,https://www.google.com/search?q=Internshala&sca_esv=587655346&source=lnt&tbs=qdr:m&sa=X&ved=2ahUKEwilg6aQ3PWCAxV5glYBHZCAC34QpwV6BAgBECE
Get Internships & Jobs in 3 Seconds On Internshala ...,Data Science Course with Guaranteed Internship is a 4-month online certificate programme offered by Internshala. The online course will walk you through all ...,https://www.google.com/search?q=Internshala&sca_esv=587655346&source=lnt&tbs=qdr:y&sa=X&ved=2ahUKEwilg6aQ3PWCAxV5glYBHZCAC34QpwV6BAgBECI
Internshala Case Study: Why It is Our One-stop Platform for ...,"20 Sept 2017 — Internshala has proposed internships as a solution to help the rest of the graduates build their careers. Through the campaign, Internshala is ...",https://www.google.com/search?q=Internshala&sca_esv=587655346&source=lnt&tbs=li:1&sa=X&ved=2ahUKEwilg6aQ3PWCAxV5glYBHZCAC34QpwV6BAgBECk
Internshala Courses & Certifications 2023,"Internshala Salaries. How much do Internshala employees make? Glassdoor has salaries, wages, tips, bonuses, and hourly pay based upon employee reports and ...",https://www.google.com/history/optout?hl=en
Internshala launches 'India Employed' to help graduates ...,28 Sept 2017 — Internshala is a platform that allows students and graduates to search for internships in various domains all over India.,https://www.google.com/safesearch?prev=https://www.google.com/search?q%3DInternshala&sa=X&ved=2ahUKEwilg6aQ3PWCAxV5glYBHZCAC34Q8JsIegQIAxAG
How Much Does Internshala Pay in 2023? (463 Salaries),Internshala Coupon Codes & Offers · 65% OFF. Summer Offer - Get up to 55% + 10% Off On All Training Courses. ACTIVATE OFFER. GET DEAL · Rs.4000 OFF. Get Rs 4000 ...,https://www.google.com/preferences?lang=1&hl=en&prev=https://www.google.com/search?q%3DInternshala%26sca_esv%3D587655346#languages
"What is Internshala, and how can I apply for an internship ...","Reg.Summer Internship-2, for Students of current IV semester B.E. · Inviting applications for Registration to B.E. Honours Degree Programme (AY 2023-24) ...",https://www.google.com/setprefs?hl=en&prev=https://www.google.com/search?q%3DInternshala%26pccc%3D1&sig=0_vPJpYal7xytt34nmiQ6kof9HiOM%3D&cs=2&sa=X&ved=2ahUKEwilg6aQ3PWCAxV5glYBHZCAC34QqsEHegQIAxAI&ictx=1
"Internshala Coupon Codes, Offers Up to 65% OFF ...",The average Internshala salary ranges from approximately ₹0.5 Lakhs per year for a Internship Trainee to ₹21.5 Lakhs per year for a AVP - Marketing. Salary ...,https://www.google.com/preferences?hl=en&prev=https://www.google.com/search?q%3DInternshala%26sca_esv%3D587655346
Internshala | NIE,"""Internshala is an online recruitment and training platform. On recruitment portal of Internshala, the internship seekers and job-seeking freshers from all ...",https://www.google.com/advanced_search?q=Internshala&sca_esv=587655346&hl=en
1-day internship at Internshala - YouTube,1 Nov 2019 — Internshala Plus extension allows you to - 1. See the Required Skills and # of internships right in the internship card. 2.,https://support.google.com/websearch/?p=dsrp_search_hc&hl=en-IN
Internshala Salaries in India,"26 May 2021 — Internshala Invites Applications from Indian Students for 12,000 Work-from-Home Internships, Stipend up to Rs 45,000 ... Internshala, a popular ...",https://policies.google.com/privacy?hl=en-IN&fg=1
"Internshala Company Profile, information, investors, ...","22 Feb 2022 — The internships are aimed at making the students career-ready. Shutterstock ... A 1,000 virtual internships are on offer as part of Nestl India's ...",https://policies.google.com/terms?hl=en-IN&fg=1
Internshala Plus,"Glow & Lovely Careers has partnered with Internshala, which offers online internship opportunities for women in various fields such as sales, HR, ...",https://internshala.com/
Internshala Invites Applications from Indian Students for ...,"4 Jul 2022 — Internshala focuses on assisting students in studying, training, and gaining on-the-job experience. Internshala was founded to provide practical ...",https://internshala.com/internships/work-from-home-internships/
Internshala and Nestl India offer 1000 virtual internships in ...,"28 Apr 2023 — Under this initiative, 100 summer internships are being offered, each with a minimum stipend of Rs 15,000 for the selected interns. The ...",https://internshala.com/internships/
Free Online Internship for Women with Certificate,"15 Jun 2022 — Conceptualised by Internshala Trainings and K Silent Productions, the campaign aims to encourage college students to take up online training at ...",https://internshala.com/jobs/work-from-home/
How Internshala is providing internship opportunities to ...,"Information on valuation, funding, cap tables, investors, and executives for Internshala. Use the PitchBook Platform to explore the full profile.",https://internshala.com/jobs/
Internshala launches 'Top 100 Internships of Summer' for ...,"internshala.com's top 5 competitors in October 2023 are: naukri.com, glassdoor.co.in, foundit.in, internships.com, and more.",https://www.google.com/search?q=Internshala+site:internshala.com&sca_esv=587655346&sa=X&ved=2ahUKEwilg6aQ3PWCAxV5glYBHZCAC34QrAN6BAgHEAE
Internshala Trainings preps students to be more than interns,"Internshala Trainings, Gurugram. 221 likes · 37 were here. Internshala Trainings is India's leading e-learning platform with more than 75+ practical...",https://in.linkedin.com/company/internshala
How to Register/ Apply for Internship at Internshala - YouTube,"27 Nov 2021 — Toll Free: 844 844 4851 (Mon-Fri, 10am-6pm),844 844 4853 (For Training Query)",https://play.google.com/store/apps/details?id=com.internshala.app&hl=en&gl=US
"Internshala Company Profile: Valuation, Funding & Investors",Top education college in uttarakhand || best placement college in uttarakhand.,https://www.instagram.com/internshala/?hl=en
internshala.com Competitors - Top Sites Like internshala.com,"Internshala is a leading recruitment and training platform that offers internships, fresher jobs, and online trainings to 1.4 Cr+ student users and assists ...",https://in.linkedin.com/jobs/internshala-jobs
Internshala Trainings | Gurugram,"9 Aug 2022 — Internshala launches Internship with Dream Companies ... Participating brands include Titan, Bosch, Disney Star, Volvo, Nykaa Fashion, WWF India, ...",https://www.youtube.com/channel/UC97qxGRmPsyfV0Miz7AxU2A
Internshala Customer Care No. 844 844 4851,"I had a good learning experiences with internshala. It was a 6 weeks course and they had coverd almost basics of every topic like SEO, social media, mobile ...",https://en.wikipedia.org/wiki/Internshala
Internshala,"30 Sept 2016 — Internshala launches 'Intern with Icon' campaign ... Internshala, an Internship resource and a career website, launched 'Intern with Icon' ...",https://economictimes.indiatimes.com/topic/internshala
Internshala,27 Apr 2017 — signed with Internshala as a partner to facilitate internships for students enrolled in AICTE approved academic institutions. Purpose. This MoU ...,https://www.google.com/search?sca_esv=587655346&q=Internshala+Login&sa=X&ved=2ahUKEwilg6aQ3PWCAxV5glYBHZCAC34Q1QJ6BAghEAE
Internshala launches Internship with Dream Companies,"1 Aug 2023 — Under this collaboration, young learners will have the opportunity to participate in paid internships, encouraging them to gain hands-on ...",https://www.google.com/search?sca_esv=587655346&q=Internshala+Internship&sa=X&ved=2ahUKEwilg6aQ3PWCAxV5glYBHZCAC34Q1QJ6BAgnEAE
Internshala Internships - How to Apply? | Tips and Tricks,7 Oct 2020 — Learners are provided with the option to set their language preference right when they land on the learning management system. During the ...,https://www.google.com/search?sca_esv=587655346&q=Internshala+Jobs&sa=X&ved=2ahUKEwilg6aQ3PWCAxV5glYBHZCAC34Q1QJ6BAgoEAE
